First Name*,Last Name,Phone Number*,WhatsApp Number,Email,Guest Group,Title / Salutation,City,State / Province,Country,Dietary Preference,Notes
Aarav,Sharma,+919876540000,+919876540000,,Family,Mr.,Chennai,Tamil Nadu,India,Vegetarian,Test guest 1
Vivaan,Khan,+919876540137,,vivaan.khan2@example.com,Close Friends,Ms.,Bengaluru,Tamil Nadu,India,Non-Vegetarian,Test guest 2
Aditya,Iyer,+919876540274,,aditya.iyer3@example.com,Colleagues,Mrs.,Hyderabad,Tamil Nadu,India,Vegan,Test guest 3
Arjun,Nair,+919876540411,+919876540411,arjun.nair4@example.com,Relatives,Dr.,Mumbai,Tamil Nadu,India,Halal,Test guest 4
Rohan,Reddy,+919876540548,,rohan.reddy5@example.com,Family,Mr.,Coimbatore,Tamil Nadu,India,Jain,Test guest 5
Kabir,Ansari,+919876540685,,,Close Friends,Ms.,Madurai,Tamil Nadu,India,,Test guest 6
Imran,Sheikh,+919876540822,+919876540822,imran.sheikh7@example.com,Colleagues,Mrs.,Chennai,Tamil Nadu,India,Vegetarian,Test guest 7
Farhan,Mirza,+919876540959,,farhan.mirza8@example.com,Relatives,Dr.,Bengaluru,Tamil Nadu,India,Non-Vegetarian,Test guest 8
Zaid,Pathan,+919876541096,,zaid.pathan9@example.com,Family,Mr.,Hyderabad,Tamil Nadu,India,Vegan,Test guest 9
Yusuf,Qureshi,+919876541233,+919876541233,yusuf.qureshi10@example.com,Close Friends,Ms.,Mumbai,Tamil Nadu,India,Halal,Test guest 10
Ayaan,Basha,+919876541370,,,Colleagues,Mrs.,Coimbatore,Tamil Nadu,India,Jain,Test guest 11
Rayyan,Banu,+919876541507,,rayyan.banu12@example.com,Relatives,Dr.,Madurai,Tamil Nadu,India,,Test guest 12
Suhail,Rao,+919876541644,+919876541644,suhail.rao13@example.com,Family,Mr.,Chennai,Tamil Nadu,India,Vegetarian,Test guest 13
Bilal,Menon,+919876541781,,bilal.menon14@example.com,Close Friends,Ms.,Bengaluru,Tamil Nadu,India,Non-Vegetarian,Test guest 14
Nadeem,Pillai,+919876541918,,nadeem.pillai15@example.com,Colleagues,Mrs.,Hyderabad,Tamil Nadu,India,Vegan,Test guest 15
Anjali,Gupta,+919876542055,+919876542055,,Relatives,Dr.,Mumbai,Tamil Nadu,India,Halal,Test guest 16
Priya,Verma,+919876542192,,priya.verma17@example.com,Family,Mr.,Coimbatore,Tamil Nadu,India,Jain,Test guest 17
Sneha,Singh,+919876542329,,sneha.singh18@example.com,Close Friends,Ms.,Madurai,Tamil Nadu,India,,Test guest 18
Divya,Patel,+919876542466,+919876542466,divya.patel19@example.com,Colleagues,Mrs.,Chennai,Tamil Nadu,India,Vegetarian,Test guest 19
Kavya,Shah,+919876542603,,kavya.shah20@example.com,Relatives,Dr.,Bengaluru,Tamil Nadu,India,Non-Vegetarian,Test guest 20
Meera,Sharma,+919876542740,,,Family,Mr.,Hyderabad,Tamil Nadu,India,Vegan,Test guest 21
Riya,Khan,+919876542877,+919876542877,riya.khan22@example.com,Close Friends,Ms.,Mumbai,Tamil Nadu,India,Halal,Test guest 22
Zainab,Iyer,+919876543014,,zainab.iyer23@example.com,Colleagues,Mrs.,Coimbatore,Tamil Nadu,India,Jain,Test guest 23
Ayesha,Nair,+919876543151,,ayesha.nair24@example.com,Relatives,Dr.,Madurai,Tamil Nadu,India,,Test guest 24
Fatima,Reddy,+919876543288,+919876543288,fatima.reddy25@example.com,Family,Mr.,Chennai,Tamil Nadu,India,Vegetarian,Test guest 25
Sana,Ansari,+919876543425,,,Close Friends,Ms.,Bengaluru,Tamil Nadu,India,Non-Vegetarian,Test guest 26
Noor,Sheikh,+919876543562,,noor.sheikh27@example.com,Colleagues,Mrs.,Hyderabad,Tamil Nadu,India,Vegan,Test guest 27
Hafsa,Mirza,+919876543699,+919876543699,hafsa.mirza28@example.com,Relatives,Dr.,Mumbai,Tamil Nadu,India,Halal,Test guest 28
Nadia,Pathan,+919876543836,,nadia.pathan29@example.com,Family,Mr.,Coimbatore,Tamil Nadu,India,Jain,Test guest 29
Rukhsar,Qureshi,+919876543973,,rukhsar.qureshi30@example.com,Close Friends,Ms.,Madurai,Tamil Nadu,India,,Test guest 30
Sameera,Basha,+919876544110,+919876544110,,Colleagues,Mrs.,Chennai,Tamil Nadu,India,Vegetarian,Test guest 31
Aleena,Banu,+919876544247,,aleena.banu32@example.com,Relatives,Dr.,Bengaluru,Tamil Nadu,India,Non-Vegetarian,Test guest 32
Marium,Rao,+919876544384,,marium.rao33@example.com,Family,Mr.,Hyderabad,Tamil Nadu,India,Vegan,Test guest 33
Iqra,Menon,+919876544521,+919876544521,iqra.menon34@example.com,Close Friends,Ms.,Mumbai,Tamil Nadu,India,Halal,Test guest 34
Sara,Pillai,+919876544658,,sara.pillai35@example.com,Colleagues,Mrs.,Coimbatore,Tamil Nadu,India,Jain,Test guest 35
Lakshmi,Gupta,+919876544795,,,Relatives,Dr.,Madurai,Tamil Nadu,India,,Test guest 36
Deepa,Verma,+919876544932,+919876544932,deepa.verma37@example.com,Family,Mr.,Chennai,Tamil Nadu,India,Vegetarian,Test guest 37
Pooja,Singh,+919876545069,,pooja.singh38@example.com,Close Friends,Ms.,Bengaluru,Tamil Nadu,India,Non-Vegetarian,Test guest 38
Nisha,Patel,+919876545206,,nisha.patel39@example.com,Colleagues,Mrs.,Hyderabad,Tamil Nadu,India,Vegan,Test guest 39
Swati,Shah,+919876545343,+919876545343,swati.shah40@example.com,Relatives,Dr.,Mumbai,Tamil Nadu,India,Halal,Test guest 40
Rahul,Sharma,+919876545480,,,Family,Mr.,Coimbatore,Tamil Nadu,India,Jain,Test guest 41
Amit,Khan,+919876545617,,amit.khan42@example.com,Close Friends,Ms.,Madurai,Tamil Nadu,India,,Test guest 42
Vikram,Iyer,+919876545754,+919876545754,vikram.iyer43@example.com,Colleagues,Mrs.,Chennai,Tamil Nadu,India,Vegetarian,Test guest 43
Karthik,Nair,+919876545891,,karthik.nair44@example.com,Relatives,Dr.,Bengaluru,Tamil Nadu,India,Non-Vegetarian,Test guest 44
Suresh,Reddy,+919876546028,,suresh.reddy45@example.com,Family,Mr.,Hyderabad,Tamil Nadu,India,Vegan,Test guest 45
Manoj,Ansari,+919876546165,+919876546165,,Close Friends,Ms.,Mumbai,Tamil Nadu,India,Halal,Test guest 46
Ramesh,Sheikh,+919876546302,,ramesh.sheikh47@example.com,Colleagues,Mrs.,Coimbatore,Tamil Nadu,India,Jain,Test guest 47
Naveen,Mirza,+919876546439,,naveen.mirza48@example.com,Relatives,Dr.,Madurai,Tamil Nadu,India,,Test guest 48
Harish,Pathan,+919876546576,+919876546576,harish.pathan49@example.com,Family,Mr.,Chennai,Tamil Nadu,India,Vegetarian,Test guest 49
Ganesh,Qureshi,+919876546713,,ganesh.qureshi50@example.com,Close Friends,Ms.,Bengaluru,Tamil Nadu,India,Non-Vegetarian,Test guest 50
